{
  "config_name": "neat_grid_0days",
  "logging_level": 0,
  "long": {
    "auto_unstuck_ema_dist": 0.016584731059029675,
    "auto_unstuck_wallet_exposure_threshold": 0.1802577070349565,
    "backwards_tp": true,
    "ema_span_0": 1,
    "ema_span_1": 1,
    "enabled": true,
    "eprice_exp_base": 1.0,
    "eqty_exp_base": 1.0,
    "grid_span": 0.1500105517859355,
    "initial_eprice_ema_dist": -1,
    "initial_qty_pct": 0.025004140283364364,
    "markup_range": 0.0013973902670969725,
    "max_n_entry_orders": 9,
    "min_markup": 0.000868072275090427,
    "n_close_orders": 5,
    "wallet_exposure_limit": 0.1
  },
  "short": {
    "auto_unstuck_ema_dist": 0.016584731059029675,
    "auto_unstuck_wallet_exposure_threshold": 0.1802577070349565,
    "backwards_tp": true,
    "ema_span_0": 1,
    "ema_span_1": 1,
    "enabled": true,
    "eprice_exp_base": 1.006198463084825,
    "eqty_exp_base": 1.0,
    "grid_span": 0.15826374187865647,
    "initial_eprice_ema_dist": -1,
    "initial_qty_pct": 0.025935729530733916,
    "markup_range": 0.0013973902670969725,
    "max_n_entry_orders": 11,
    "min_markup": 0.000868072275090427,
    "n_close_orders": 4,
    "wallet_exposure_limit": 0.1
  }
}
